{
  "line_loadings": {
    "max_instantaneous_loadings_pct": {},
    "max_instantaneous_loading_pct": 144.2,
    "max_moving_average_loadings_pct": {},
    "max_moving_average_loading_pct": 139.485,
    "window_size_hours": 1,
    "num_time_points_with_instantaneous_violations": 0,
    "num_time_points_with_moving_average_violations": 24,
    "instantaneous_threshold": 150,
    "moving_average_threshold": 120
  },
  "transformer_loadings": {
    "max_instantaneous_loadings_pct": {},
    "max_instantaneous_loading_pct": 40.4,
    "max_moving_average_loadings_pct": {},
    "max_moving_average_loading_pct": 39.1925,
    "window_size_hours": 2,
    "num_time_points_with_instantaneous_violations": 0,
    "num_time_points_with_moving_average_violations": 0,
    "instantaneous_threshold": 150,
    "moving_average_threshold": 120
  }
}
