{"primaries": {"metric_1": {"time_points": [], "duration": 0.0}, "metric_2": {}, "metric_3": {"time_points": [], "duration": 41400.0}, "metric_4": {"percent_node_ansi_a_violations": []}, "metric_5": {"min_voltages": {}, "max_voltages": {}}, "metric_6": {"num_time_points": 49, "percent_time_points": 98.0, "duration": 44100.0}, "summary": {"voltage_duration_between_ansi_a_and_b_minutes": 0, "max_per_node_voltage_duration_outside_ansi_a_minutes": 735.0, "moving_average_voltage_duration_outside_ansi_a_minutes": 690.0, "moving_window_minutes": 60, "max_voltage": 1.060802884996268, "min_voltage": 0.0605969260098183, "num_nodes_always_inside_ansi_a": 3227, "num_nodes_any_outside_ansi_a_always_inside_ansi_b": 552, "num_nodes_any_outside_ansi_b": 54, "num_time_points_with_ansi_b_violations": 49, "total_num_time_points": 50, "total_simulation_duration": 45000.0}}, "secondaries": {"metric_1": {"time_points": [], "duration": 21600.0}, "metric_2": {}, "metric_3": {"time_points": [], "duration": 19800.0}, "metric_4": {"percent_node_ansi_a_violations": []}, "metric_5": {"min_voltages": {}, "max_voltages": {}}, "metric_6": {"num_time_points": 0, "percent_time_points": 0.0, "duration": 0.0}, "summary": {"voltage_duration_between_ansi_a_and_b_minutes": 360, "max_per_node_voltage_duration_outside_ansi_a_minutes": 285.0, "moving_average_voltage_duration_outside_ansi_a_minutes": 330.0, "moving_window_minutes": 60, "max_voltage": 1.054960886412062, "min_voltage": 0.9134027022745217, "num_nodes_always_inside_ansi_a": 4264, "num_nodes_any_outside_ansi_a_always_inside_ansi_b": 444, "num_nodes_any_outside_ansi_b": 0, "num_time_points_with_ansi_b_violations": 0, "total_num_time_points": 50, "total_simulation_duration": 45000.0}}}
